PC1,PC2,PC3,PC4,PC5,PC6,PC7,PC8,PC9,PC10,PC11,PC12
1.130664276749676,-1.0876547560815546,3.164263443111654,2.293051826910241,0.023174562607196223,0.5788144803256933,0.6648535048987407,-0.5367869793586205,-1.4953923925016628,-0.4994851179899358,0.33758462329875916,0.47958333105790923
3.190926393750814,-1.4178845545702077,-0.5337149436697726,-0.8579696574393375,-0.006289465245691981,0.7453473666016672,-0.2590627953354445,1.0697773878380852,0.3425239179841664,1.4315085665536411,-1.1452565386024158,-0.8914180828611814
3.1243394479799553,0.6570076372842977,-0.28513404355812655,-0.6266408168152935,0.1527932189803952,1.1301791099631247,-0.32499526830371545,0.20929934295334174,0.043204876298003694,0.46230388229877495,0.43166500319238643,0.8632284555681844
-0.48433905812002076,1.4109722846013095,0.3978057627801175,2.832741412486943,0.7213093802924515,-0.38836100828962256,-0.5222212957311242,-2.153525032301969,0.7600790539205974,0.22837915850684967,-1.5450645361358775,0.3429596217168084
-2.284541673469991,-0.33003256389132424,-0.07226032799111803,1.2093182034282068,0.7708346287937184,0.6255866687809831,0.3795667572887501,0.014736129543046171,1.0503805247189617,0.6281098262243552,0.7972105023257731,-0.32294561727794274
-2.2047134554650243,0.34507903348408786,0.49222912293340093,0.013864368159265348,-0.380237818622333,0.030774579380948016,-0.9277450421521561,0.013140715083955916,-0.5465304027892295,0.47487021175184885,-0.6055355167875253,0.8809445789477545
1.922416069071286,-1.685482603813483,-0.9226074378059216,1.9390721804281177,0.07137628485519658,1.2216628871758128,-0.45757240014461714,-1.3777935967164627,1.676147650552425,-0.02716895075994225,-0.45430073481339694,0.6702846231940556
-0.7393517094382218,-0.811668895610218,-2.5538286407579407,-0.8771733933211058,0.2747727804000482,-1.6509389237661463,0.3640482376191612,-0.6190188825661724,-0.6746697400459545,0.6931161336269595,-0.26154245728111053,0.8570369334736464
1.3775164838008744,0.03341054288685009,0.2195463321213428,-0.311901246193818,0.5966688222446173,0.8055584773536959,-0.7567982373981028,0.13077188450539765,0.19441056230376047,-1.3735621867272922,0.10022140858278666,0.4633677207075618
2.6864102921840987,0.8195610796477113,1.757742321994396,1.4042502022055552,0.7793573303503007,-0.4046356095229207,2.368557374509071,-0.7971491427999062,0.17225419386492077,-0.4127838982032521,-0.05313302774570843,1.0961403537680565
0.02477168018472457,1.115622389319827,0.31235071797027747,0.266181430557864,-0.7927199778132903,-0.5534699399195488,-0.3056126847663336,0.8183286831394806,0.3649078466307208,-1.4351438275296526,-0.33684634159123916,0.21525566468786148
-0.7083985253168801,-1.8280076569456032,-0.5496503286461077,1.7104853616762832,0.7172045901223885,0.3644726979706196,-0.18424764765540588,-0.03267594398456703,-0.3831565385602339,0.007639218083335451,0.34993783743681617,-0.19970889166273173
1.422746672411046,-0.2213045519879665,1.4767437076240495,-0.7575630821328958,0.4545732665554131,0.06653399813092645,1.9913313676654423,-0.4193350526387175,-1.0365415856362452,0.3572367502711428,0.468717192287974,0.10469415568384596
-2.0125265434649164,1.192316765561677,0.8214436543088985,-0.5515569473623465,0.4393069348593312,-0.883536339049035,-1.11403283663325,-0.4819687357138327,-0.69820485367241,-0.3285771354124752,0.7722068233536938,-0.2531477396866744
-0.49765669823443826,-0.2693062272705932,3.006370624895686,-0.4618683075370148,-0.8087067874782902,-2.0919363481391997,0.895298199820979,0.558467830539644,0.6289626167748238,-0.950421559896664,-0.16386513098435224,-0.3295082364713906
-1.3599677525196743,0.4075629403658382,0.9322901841177862,0.5122021282118769,-0.7949744887237625,-0.45591797439225007,-0.5882023421527196,1.1276056480814534,1.1238881371778382,0.22563057295902914,-1.1876068015982093,0.8482853468041479
-0.46773058063406925,1.814467885767541,0.8048500450606109,1.6707734577582372,-0.037826529306040926,0.031208605802378695,-0.8893037131088645,-1.2765305088785364,-1.0137707201186563,-0.7637462069453352,0.8327656657300981,0.3811418187235398
-1.0345510031954275,0.3519395410302373,-0.1704719794466036,-0.27991731896187644,-0.3424737081723855,-0.6432237356429339,-0.3921639770809228,0.4529579940709469,0.6092848668595799,-0.3900832208186727,-1.6478387106714503,0.2859674864007879
-1.7889553541322898,-0.5306966321232407,-1.3692253177419447,0.11757892959777089,-0.7028125312309161,-0.6930311295963628,0.04197343228492695,-0.034073416867538904,-0.14509701519978815,-0.16339334588411586,-0.003658102732757369,-0.9883371420401392
-2.2314766503430206,0.20715109635217405,0.4544649843637494,0.041217224922324554,0.05940287513736966,-0.4760370796854139,-0.8783049006265279,-0.09735187280453281,-0.5318262453647329,0.5054644099036056,-0.7720629309617272,-0.04163617135636279
0.11506165614892509,0.40460092660319447,0.2955582948447174,1.311486908433587,0.3484842991413526,1.5876244542432136,0.11723222297329189,0.8743843538596284,-1.946784493091415,1.7968939908601094,0.32373968457888813,1.2130298214032171
-1.4760812039030935,-3.048628927987986,1.6393571505061775,0.6730175931528375,0.05925390109036679,-0.18447794867330564,1.2343448814198532,-0.24022255278013144,-0.7475968807936219,0.4837307496659595,0.5359986370084112,-0.10669502189382074
-0.5502827524968203,-0.46391222557655787,0.26336212878233933,1.1322494746497498,1.0476270929700306,1.23378785845909,-0.6584721800871015,-0.2944617260666753,-1.1086571713032503,0.08182955292260846,-0.6651730066979373,0.5785487452722969
0.8173565351102456,0.054975066395700385,1.2505645753873835,-0.5439228929862681,0.670973761098557,0.9860985020843005,-1.5991002653793123,-0.4475049642780453,1.42104244529786,0.2507355228699849,0.32916360573860526,0.7577835710058063
2.840853110261154,0.9326307585000289,0.038145100231191845,-0.4135674222858968,0.3157275487310291,0.8489506225627372,-0.08190817548929304,0.395475838583858,0.6432400900491586,0.5763265770553225,0.4843408488303708,0.35986535207334264
-1.1883476625245273,0.20938455442114223,-1.030319303610913,1.6163618436992744,-0.9590517294451538,-0.00816712225433503,0.10921558937197767,-0.7401951425341399,0.39310467838362395,-0.12619116083095866,0.0809441685180183,0.24439364440049596
-2.0966664782539484,-1.39812227428606,-1.578750847465931,-0.46469669670409136,-0.1851280123522389,-0.8799243300974376,-0.5706715078846394,-0.7802554179629194,-0.6703592813726716,-0.2726207833283438,-0.03407530632808976,0.5196731623054833
0.6847368338140281,-1.2911144878464917,-0.08542491799692076,3.707493816774666,-1.9725232111656863,0.09510259127542886,-0.7940690532883129,0.4842169690802951,-1.1299379859248992,0.3408115138507591,0.1453804630404791,-0.4052359413629926
-1.361397069128273,0.5648137543394951,0.09905366622438122,0.04273341077104204,0.3256986684778796,-1.2038404472694326,-0.31383302217959913,0.021749356303196323,1.2762102731437728,-0.13264981328369868,-1.7851629214294282,-0.2701941479542634
1.474432135817176,2.980826736561772,-0.4760570909852371,0.5294320058976304,0.8668105480189225,0.7794306132551128,1.33552747435117,0.4483595384797716,-0.0218575136838869,-0.10088167934809769,0.642179857246776,-0.6464983538787228
-0.6883544813461453,-2.0246707881083124,0.18033578636106667,0.436846271188275,-2.0409592308158704,0.38936072745895,-1.7360983572873832,0.13103504661859444,0.06453856367520171,1.631840883325273,0.6408976098086868,0.20115419351325806
1.2872673592755135,0.6367557503868119,1.231354475601514,-2.40066501954448,-1.1704757755596773,-0.6826301429738147,1.1384751411184508,-1.2301919726111985,0.0484515925103285,0.662820531274936,0.27364441726748623,1.12636847047838
-1.235776926027165,-1.1206418007022816,-0.3068171869459728,-0.8515070793977392,-0.06330706920595351,-0.9458571880188585,-1.1438982151735193,0.42631530145016694,-1.1378084592506827,-0.3491813688653414,-1.4122192618103395,0.30674573123087756
0.09837612309832486,0.8975696830421774,0.27023245997870604,-0.03367866366052357,-0.32758481898634845,-0.8624498314139645,-0.7227560750269039,0.22407657552543636,0.07201610605308888,-1.637202987449884,-0.10936827556666401,0.6818437675547407
-1.6406459092709187,1.2840425683962062,-0.1483867983763961,-0.44037848757315395,0.5091305388687992,-1.1915122437807706,0.40681714310185957,0.2883083396112087,0.09114103288578869,1.503959422172653,-0.6033403687248119,0.4916547205450972
-2.153032306609085,0.9090572331720685,0.03654796594653198,-0.5056613393337622,0.20799708540474998,-0.9202932816454551,0.046171238193884634,0.2084840502933102,1.134387183827417,-0.3348091057798733,-1.269502045824813,-0.18509790444903987
1.7477263899136166,2.550866720647141,-0.2760703680419423,0.7271831332307619,0.973130660984707,0.4626859684882774,1.0735486281494802,0.5202569145391669,0.19396604516777585,-0.026869388361411638,0.411150891582868,-0.374923904135792
2.271143954617049,0.03673635428476664,-0.4440236242340011,-0.5153575788835995,0.9180177150095379,-0.23404694919255686,0.3607179006048197,1.2768282389300563,-0.4113992925996964,0.019991505312010917,-0.07694731062792899,-0.9271599999531848
1.9080624526946968,0.5489821135875079,-0.9450476117259812,-0.8599052145366999,0.5103765988085343,-1.5997144467179774,-0.6593187042178703,-0.6924072310793592,-1.1320885223591484,0.08017784937531233,-0.27386777194997225,-0.3354077019698816
0.814076837511509,-0.45762033414792375,1.220118508381663,0.2695747858826059,-1.0862789588708817,-1.2963962502121498,1.9794275905633743,0.2938042492705148,-1.2002848982473238,0.7234134241593075,-1.2291344715424009,0.3697082539707171
2.416920926615686,-1.4643378331515267,-0.4531344886285801,-0.4460491145554709,-0.9831217936770223,1.0710848528276984,-0.6376436612597749,0.5014003960925594,1.514100583229777,-0.7486789326156176,1.4168734215674403,-1.122721479845412
-1.24781728166986,1.8122478417513068,1.610097322765398,0.5214173740569219,0.6345897412878916,-1.674736395429288,-0.5879110621625812,0.366422680115894,-0.15999577516546176,1.884785999434067,1.2148495552315226,0.04740197629513869
-0.7033374186341058,-3.0205016938538427,-0.15722758892243807,-0.45302664783928054,-1.3850939160788251,-0.7210351069172068,-1.703555484912053,0.3861046356479266,0.31869705934023757,0.9481631772259261,0.18904465474727591,0.07417544493529254
-0.7181633777714198,-0.6895199053766766,2.009587805673313,-0.09194045509120234,-1.36512901848759,-0.7878155513725899,1.1049052244416866,0.06328526096644589,0.037559668434938374,-0.14291063424276534,-1.5538744696488354,0.4594522902737626
-1.2807385499586132,-2.046643254620895,-1.6636580472774565,-0.6966289115452797,1.0056214825156522,-0.01959278764588879,0.13687817232347235,0.07511428371394914,0.13099552539464218,-0.9096241943327287,-0.12005878747730428,0.6283809677922741
0.7796833631354104,0.7179243583780589,0.6667817109380872,0.3649164365264314,0.7387300484192809,1.3728398479758968,-0.9968416074737956,-0.7702280445986678,0.15387848966738885,-0.607852162911934,0.5387874425439125,0.9969125218940688
-1.3837067207588634,1.5785339546785742,-0.3304123135143265,-0.15770367281506734,-1.4112897157721538,0.8653761555770788,0.07945093364685951,0.7590793067315816,-0.546173357656009,-0.13886808272794693,-0.7334554347248528,-0.5408972302254073
1.5459022650776186,0.5619581720073659,0.41544655741927755,0.9872449053206228,1.0940690433196647,-0.037368673058306066,-0.30966556979177495,0.47452912713461537,0.5626628318464332,-1.4355197959250712,-0.46278892328282817,-0.7514331032082672
-0.1949911293508278,-4.1080322904392155,-0.026122835056647805,-1.1949515989172081,0.5612730802309541,-0.4145061510996448,0.8443939822713525,-1.5638119071726162,-1.0210047511562022,-0.30709615343375923,-0.41850414288702553,-0.003606029408585598
0.26255764322707603,-0.1508249457093319,1.824609084612656,1.603712351577715,-0.07604220453091573,1.2245333845271582,2.210695526394436,-0.7075366970827653,-0.406223084715272,-0.8503990470670576,-0.8004355187483043,0.26638541472242466
-2.906639796562345,0.5748962799343476,-0.6260145845134852,0.045856484940113164,-1.0457851215502434,0.5467750980478833,-0.0058164455159217775,-0.8776103161179406,0.5060400535975849,0.8998597612873189,1.137175436266021,-0.4949690719889104
-0.18987164480699995,1.3445342652005854,0.07428463762259978,-1.0313659487572893,-1.3520188451800612,-0.04259724143396439,-0.5529325764343498,1.1933668249018226,-0.10613205525953738,-1.5375758673388047,0.15765400047050487,0.8211291981649078
-1.2023995166649533,0.2607005613213086,-0.7800738098174048,-1.467015319261323,1.2677037172743795,1.1594156212882993,0.1439959281629985,-0.5002821010073868,0.16645801446462813,-0.3120065810988089,-0.8288383168418809,-0.7670464553815374
-2.667534657152361,0.21787813215442103,0.9807981460488562,0.05967886703321746,1.4246804617281839,0.6922075302459024,-0.058726890335523585,0.4599340773752911,0.3361040387297205,0.4341518120275667,-0.07340978588092442,0.0952054892401401
1.1785171547877231,1.0478648351342985,-0.36653361830798736,-1.4733855521616803,-0.3024607859522981,-1.1456982322856788,-0.5271780340524699,0.41682775937652355,-0.1030064332785836,0.43446800005870834,0.04894728338777927,0.6149336513254731
2.6900078521620108,1.0603627698673894,-0.6855825922402593,-0.2344001689718837,0.8912270901008174,0.4184467353180152,0.2228868515893651,0.20786700158123506,-0.58091357569508,0.06862601080970551,0.1896992970529176,-0.535923788820177
-0.1111229780890384,0.8863172976136507,0.9215489695292448,0.08896502900079134,-0.21709450728534688,-0.7046672552674172,-1.1098568882507895,-0.3077452491157725,0.40492130274538046,-0.6126212949730152,0.3327590988531369,-0.2992681118738454
-1.2031526309013614,2.1183015801740326,0.2566939511216424,-0.942062983911873,1.00837493904974,0.8758085297753606,0.5193482403138504,0.41942881026157136,0.7934832535476883,-1.361955659944602,0.8014039999532823,-0.22236000514722631
0.24105283377606618,-0.23756451405614176,-0.0389440748135034,1.0122316580153263,0.8139987807115049,1.4970450191612905,-0.16174996054291343,-0.534901291431095,-0.4665961565954474,-0.40638162840890785,-0.5939406510475879,-0.22331869385051228
-0.20523454451615247,0.39396690510544286,0.4678057749888882,0.13701204698443478,0.4126655839667037,1.2622738718873834,0.09973645545039167,1.1527535970781655,-1.0867965734018863,2.5328811684606447,0.32576500050886337,-0.7624872176495445
0.9372657090909745,0.3964450881730968,-1.7706501945744653,0.31742259036526327,0.16801280937321172,-2.003107286271539,0.32930709742205416,-0.6002722276681136,-0.37522342981643847,-0.21631183206546858,0.9780541074429611,0.02662312545225067
0.2978888941441273,0.2683166996776405,-0.684664339229495,2.6846478248927603,0.7174081186824616,0.16748971028526424,1.6758985444911911,0.4348108291131688,0.9531879448184671,0.9267117656854065,0.7866330990193718,0.271554845803154
3.05055607186217,0.8103492432078422,0.03552684420359399,-0.9431853783698451,0.20942787460356146,1.1488519196687952,-0.3112455212504814,-0.059949318190532626,0.9188748357051773,0.9615449907687919,0.6414026388365498,-0.07611078693852037
-1.8886277534416522,-1.9238882345322315,0.3171398948731331,-0.5478820107268296,-0.881444338430581,-1.3767905452461164,1.4932817512057952,-1.2477000878053024,-0.4004591859219255,-0.40458566045962546,-0.20211907061680137,0.13825793720023796
1.1810404746935776,1.8327288937143416,-0.08443683432607905,-0.023359947593901698,-1.412895636027035,0.44625731101613414,-0.5231229773640049,0.07594665546600365,0.06165193073259706,-1.2006712527806136,0.02297935655137468,-0.7154157905570301
3.0700279337378262,-0.02788993602618772,0.034727085679049766,-0.40335639688293806,1.1165409364712502,-0.05653643337464389,-0.598606062888057,-0.06457422221685216,0.5571321218324308,0.6475061344882487,0.0035182417761072185,0.2684766008631702
0.33514391441986296,0.05231219397298164,0.6859503731799339,1.7670394466196542,0.305700188711566,1.233336155664595,-0.21817673863431805,0.7663722657775898,0.6293781732160334,-0.1139636926512585,-1.128249796172173,0.8833158524358465
-0.18821629150491317,0.04775615926984828,1.2014981263304314,-0.02444854960813861,1.2790577941317567,-0.26716848876477756,-0.7796449160470992,0.9308627822239325,0.6705017720360498,-0.7695722625021363,0.19720553884938014,0.2113184986879434
3.501327927884589,-0.40243620685660814,0.07095166523730483,1.73530228857066,2.070694557450742,-1.4798208644502473,-0.28558048239841477,0.2844867657969491,-0.15230919130442896,-0.31562507197839373,-0.7512312777002172,0.29305908794772856
0.10872937599268388,0.6882392020426247,0.4545833463739575,2.1105997609412768,-0.19998925059247316,-0.5604253303559835,-0.6770727400125595,-0.34019713240026583,0.6435150284703529,0.2763334413268922,-1.8551999639655485,-0.42416989205296
-0.9737767815599183,-1.8104041191711953,-0.8099342182191775,0.3721875862103711,-1.1222303572444576,-1.1412729661587422,-0.5615286714551386,0.9773803998115549,0.1815215939319588,-0.21418773993861212,-0.3656416433399205,0.14189404308234668
1.0224598372917857,-0.4564007520097298,1.6468273507577493,-1.7199849126607616,-1.5665806103956017,-0.1798267062996063,0.3893498495080738,-1.4685634829555174,-0.1631681957901867,-1.2483538682413027,0.0692826391426013,0.8906109763832966
2.974972452679377,1.1404038220952166,-0.9312687894759759,-0.9550911216948853,-1.1205279468996747,-0.08552763011445755,-0.591862929448618,-0.1205913084105842,-0.9051098675302053,0.40049713242959506,0.05302989560889899,-0.5021156871306504
0.35801325505356724,-0.06185543022980182,-0.07074418721136337,-2.111466563800706,0.20283368765057966,1.6371979859035064,-0.9012436018789424,-0.07199070498309881,0.403697538763346,-0.648154225948328,0.2806407410991205,0.7824827928761361
-1.7824496487973842,1.0152667678870975,-0.1203784631482254,-1.1680932839404652,0.8581025206485359,1.563173668499555,0.4611532637290324,-0.10746105743411974,1.253512776457453,-0.14329884490043182,-0.40767558141846827,0.17449929547468115
-0.5376429594438508,-3.2152001983869836,-1.0035129136933532,0.09107130233582678,0.9775402526344094,-0.6933591118650219,-0.533015586868209,0.764214615344825,-0.22520255620133722,-0.4170561557371771,-0.3936993932709203,-0.12473119108857561
2.532379725976934,0.782403129018123,-0.3069867868660765,-0.0951112022558964,1.05198050199267,0.30977999335287126,-0.12955490612473014,-0.03230653678930683,-0.06424337620450611,0.22004363694957493,0.1524504259395329,0.8459619628386205
-0.5336518284003187,-1.8059032312856282,-1.0394578295851706,0.08853741107853073,0.6654601882170138,0.3583830096706851,-0.2321842677773818,-0.21139781909115052,0.5383166965924092,0.2647380470670266,-0.025147492975612935,-1.0004793027322187
-1.7233583140190243,-0.031731709809062404,0.778756808882346,0.9374547732360661,1.3878878852605037,0.8302963372408138,-0.1355614046101806,0.06220476181809586,-0.2576760374983416,0.09245951838386013,-0.20248060115391617,0.15501945386564123
1.660075226553156,0.23666673669117785,-0.38538259171250466,-1.045225690376741,1.1088529953960187,-0.8091000260237733,0.363022257194558,1.99572665375955,-0.5988963565662941,-0.3007246212180727,0.05238233366601725,-0.6413397509998287
0.6843049519476303,1.971561782995779,-0.9577112653853321,0.9217340739948094,1.1908221341619145,1.16273215079694,1.229114650389256,-0.40150459405450356,0.13744186483201157,0.8824855131607994,-0.8752999042612397,0.7459831025967678
-0.48741560785645194,-0.9281043404382397,-1.5522392452883307,0.7711145118706948,0.4673999897694342,0.5939189247424574,0.810871643572364,0.13664540337762304,0.3663255695755089,-1.0505052293165649,0.020505836561754736,-0.3219055523991064
-2.166997428608958,-0.44004740888185173,0.17244202366889483,-0.4747862713456921,2.4016636178447293,-0.30066831618102524,-0.1389815509888623,-0.24526368934461235,0.2263227034992473,-0.04486038399517711,-0.9003469207925135,-0.6970385434796968
2.3605006411290406,-1.6911576468992573,2.406570221993184,0.2238418329593953,0.8139929617537561,-1.7436527110212041,1.3871608203076125,1.0303559152837645,-0.6081102278535869,-0.14189784081900217,-0.10696015585989521,0.7503603828194425
-2.2898476051834193,-0.22135223225932174,-0.028770527233349243,-0.4639045690247477,0.35986391211189384,-0.5060820181642309,-1.1181387944811805,-0.6078189007574966,-1.3470609776624798,0.3366451094230676,-0.8076513522141804,0.10649526681301812
-2.112837857185698,0.042386533158527355,0.5771611782313627,-0.2255241192535243,1.526905294076109,0.27519211558241247,0.14638947821838713,0.6409507022069876,0.751957446423162,-0.05229889624055983,-0.6038820718837747,-0.18045582620296466
-1.589935163702325,-0.17721350972779984,0.197974282795206,-0.34681070233384,1.2586795926983687,0.42830961705865134,0.09923121704293308,0.8208858361846724,0.07408398888171076,-0.2122949184879625,-0.7346995233102243,-0.6669380704609021
-1.4582634626294058,-1.0393733139332109,-1.1156231272669739,-0.1412064668461773,0.4782927397345432,0.24551701479647137,0.7694115754330036,0.8483421989676133,1.153424572707082,-0.7421676472229976,0.1447328370377767,-0.007273596605588811
-1.499889182051244,-1.0573775781780483,-1.0260796644998342,0.2460673742841193,0.5134821205312935,0.5170832764053267,0.441898705949858,0.4464187933138415,0.3108091731818947,-0.2509179225632227,0.3643363780890101,-0.43758561133591606
0.0029653220168957364,-0.7193695516588715,-0.8275798742236942,-0.20620681812028316,0.8114403346621348,1.0601078071329386,-0.10341786515400442,0.256475386277726,-0.9142853607486938,-1.2260389066252522,-1.1798875448457589,0.8593361383925195
4.130709857098793,-0.71969891108285,0.5356440500290591,2.6761856092825633,-0.7443865106385885,1.180832144985342,-1.1632589845175632,-0.9856391970189508,3.4478720372658977,0.062394726964638866,0.5536283735285119,0.44179376581707774
1.525209725026,0.33458119732455144,0.8168554922765521,-0.5961124901951445,-1.3767342846447885,0.5864278030245502,-1.99251524936225,-0.8382522022778768,0.5922013010197098,0.14124514176687106,0.36745389454554217,-0.10042434511886596
-2.2497673149404993,1.3025532511719236,-0.7207280008894572,1.4919146242931716,-1.1971068237587956,0.5180635145419523,0.7267490418130729,-0.5848617550002865,1.0484073564111922,-0.09519583091295358,0.7533178987284087,0.5359045814064503
-1.6441800670948106,-1.7717545960364334,-0.7338583791077586,-0.0483610562538797,0.3563628881172367,0.39924754369013415,0.13088118155001202,0.8843444547057854,0.3904038566885757,-0.3927670204386194,0.47279226078391423,0.8506660297692442
0.14074438281894844,1.3318003251508133,-0.29308954632057027,-1.8997689783957799,0.18859003324332155,-1.39004046827295,-0.2055642440700045,0.2142875768201109,0.10031486197963167,0.3820055079431024,0.42373044998792153,0.33996594715344197
1.7654138489386806,1.2294220818672192,-0.5294548045338779,-0.7332395170982018,0.8438716522748924,0.7615141246771222,0.2857503024620554,0.11572129766623351,-0.4348451416611336,-0.0334262994016037,0.7148048391073408,0.8188628152876796
1.7932458695816111,-1.3532612298890945,-0.23570071355537286,0.4547083521841521,0.2949862209706419,0.21107371669499492,-0.8526189564579306,-0.5613482270349877,1.929061536360264,-0.6795831336580219,0.9493783824438986,0.13254954252901474
-1.5852541369997077,0.3889524905325902,0.8279901018031721,-0.06653815578971241,-0.9305872302372032,0.25712091395166053,-0.9114388745394223,0.41210635031850007,0.21204588271742447,0.9098436606367972,-0.5290055415324488,-0.2879695084128372
-1.9832945385953387,0.5058495291885644,-0.04982857417835054,-0.7669192353423617,1.3096197965619403,0.7545351676013706,0.43758973258936334,0.34192497043640524,0.9365413361264493,-0.5661792607934673,-0.729050733875135,0.686940347573393
-2.066199966798357,0.4883247297676926,-0.36975096637437105,-0.9382291543878244,1.6669197424887336,0.695666016880422,0.3670650440845488,-0.22628456436552719,0.553364251728763,-0.5725509296880537,-0.7955021556334498,0.45738644129562145
-3.2141367540504886,1.1261698777195892,1.257921487503321,0.5585637520570672,1.227930376645864,1.2930684855186132,0.1758828657533896,0.30135009741982116,-0.01691478718716883,0.9837628756786196,0.5159545616036084,-0.8130868033927288
-0.9713148672251087,-1.7391482485516947,-1.5563150038480524,-0.984165801432266,0.5731458337173493,0.5309230171794802,0.133861923054001,-0.10209063742783123,0.6534164495138054,-0.47055937537537434,0.10901668410749629,-0.05327577441357234
-0.3434640425775492,-2.448483816323797,-0.09454782309814191,-1.2914645475274829,-1.3542511006637277,1.538944651030712,1.7723545876694546,-0.33980752402865805,-1.125117753146819,-0.5608334376944991,0.5115762151823032,0.3894746855595045
1.1382760628614481,1.539651257254846,0.8139187672957945,-0.28795498716261336,-1.3650035379076542,0.9660774651655304,-1.453550477199513,-1.1814022716588015,1.0197627042237325,0.3418641674828734,0.5872814070947215,-0.8640476949607155
-1.4441992683421583,0.6545948872192525,0.20170411714320152,-0.9690667025518933,0.1433545058544198,-0.5343461970657978,-1.4252266168216357,-0.5668384572351173,-1.8603240313042224,-0.5954299773260945,0.6545299344322338,0.001850807488486195
0.3331964308259923,1.3835284409899604,0.31033732923678026,-1.5837045934278275,-0.601105148295932,-1.183143120238422,-0.06568747926090333,1.3663012176135132,0.7984244735987162,0.37476548184414527,0.5784672224833377,0.873655904755838
0.4389189514828236,0.3433387356443384,0.7317854361115679,-0.17399095999275654,0.5931092797990418,0.9676144347150863,-0.6346126855920927,0.31698319079426424,-0.058856048385027955,-0.96377776969146,0.8000075315290464,-0.05557631103501463
2.5160172549501523,1.4114121527932166,-0.5303462936371933,0.10990541924726221,-0.32018456801331996,-0.6384184269156046,-0.738961763010967,-0.7487265779911281,-0.27640289855334377,0.470980714171928,-0.32592431038361536,1.1088818094501494
-0.12069918980976616,2.410219878155516,-0.10163327456263181,0.38264920357592297,-0.04806070228637517,-0.4353411143534051,-0.13243375307254776,-0.7237163671859261,0.18655898442274468,-1.3509360943189743,-0.052750178056103096,-0.8256622794714648
1.5559472393628146,-0.9713568795642551,-1.3531813168530027,0.260151709346524,1.2680442300852586,-1.1913698067081848,0.517698365828714,0.5374314231452262,-0.15177057501986807,-0.495130160734323,1.2005006285923203,0.5216775234432226
1.2949630064979119,-0.2760763296515508,0.6461150597156093,-0.6486311073562431,0.26385523816050166,0.5834310318217975,2.5877417207678692,-0.6153344557486405,-0.44403345035500996,0.597639069380043,-0.903638935453375,0.4765398263600685
-1.805430262152546,0.7502863146232444,1.7630585560979677,0.9667811129694655,1.0094289587627663,1.1408423889611388,-0.5748687603768157,0.2605051458596992,-0.5228148458925723,-0.06818147792985532,1.5119705489964115,0.8763810348461064
1.987807732971064,-0.6825938190008618,-0.2835595693864579,0.5277827954003841,1.438493807970884,-1.401795283692656,2.4259118134635633,-2.0942849945614155,-0.4324226206401082,-0.2507004836183318,0.6295133223453783,-0.4697559966400716
1.3087441605922785,-0.4313384192316361,-1.06425776284092,0.5258577417987951,-1.8065149905536444,-0.1774516856882111,-0.8199035737442458,0.010761291749345044,-0.7793290754969833,-1.0128577634665759,1.1430421198420662,-1.1872078101585382
-0.9674656005467415,1.5766097023917238,0.8713590497644939,0.9450317175390455,-0.43774237346064127,-0.39679272304451824,-0.3873855928016273,0.39501283491026234,-0.6282539505744171,-0.44143624965564,0.45780091754227675,-1.5842991787606189
-1.2350119773173485,-1.0545823656656694,1.9974474184628057,-0.7464591971585259,0.015929711885759694,0.49437724907668645,1.8619852084976223,0.526302573249602,-0.08645054347276256,-0.5237680085018838,-0.7436176484375088,0.47586557889419695
-2.3035092484439468,0.7743509596802958,-0.71505865843012,0.7625727601163318,-0.2591691462084038,-0.9812406976435603,0.617290082885031,-0.4543340768515639,2.4583568338222914,0.014304266838915168,-0.21595406979755913,-0.21766092083679103
2.9033652679674877,-1.2318096842534911,0.9474033506821877,-2.932665463112962,0.2962418034689065,0.10846305987058882,0.8353056585964023,-1.2526587518202976,-0.3803016967128118,0.7713584548690611,0.09020779889702674,-0.10867989570077947
2.3084901393236543,-0.04812326741895361,0.16902995928770478,0.22396050235191184,0.31679679877871714,0.8866102745874849,-0.9465964419003707,0.20914430733453693,0.15626910652919943,-1.2461129162140054,-0.3059029476752382,0.2048544642094443
1.0603286065109336,0.10407594498795539,1.3432391879682566,-2.6741005716962833,0.7008099133424135,-0.21791524067870444,1.9885198994699036,-0.6507245371223994,0.2340485830497689,0.41494354522140386,0.6959427703722024,-0.4665638363022681
2.9836203362714633,-2.8084102847394607,-0.8627822496891229,-0.06900697554452492,1.1005131248959508,-0.19010776606134472,-2.0786935396687003,-2.2730458289521214,1.2109769687254943,-0.22207622173209493,0.22260168115661577,-0.17427576796364863
-0.2602940789561272,1.9609955805937898,-0.9456535960648882,0.4526637235411786,-0.4230576628835166,0.2549987212750283,0.5900322097322765,-0.25249660883876857,-1.241717550108999,1.0791301104473812,-0.5167140339775257,0.6282815254989291
3.869111790849488,2.066318461418948,-0.24581793418618042,2.6716778120875015,-0.4294665639689521,-0.9377067044557188,-0.2581645407595382,-0.36533722618098796,-0.0496084404543133,0.16193677306298512,-0.9476545193781405,0.3573652582399405
-0.29209845057527656,-2.2319119043332445,2.6860593901232597,0.5583808751975318,0.15825505374547294,0.9380384873488854,0.4159724181040249,-0.9338734079243797,-1.2485184751366427,0.6407186775366481,-0.3977499107714328,0.7897009802566725
-1.8635673210510681,-0.6916836718553944,-0.22827718390461094,1.7106238917883274,0.8856927095084489,0.630189596492206,0.38825473333046256,-0.29124131224314775,0.4335360923946233,0.16572055138861647,0.8972617941547777,-0.13631458313932984
4.574158771948555,-2.5050967826296127,1.3781445760465074,1.7059296873044714,0.41193365851380026,-1.9160522564845202,1.528525876402423,-0.7845819095971442,1.7449364604357371,0.4346887075907361,0.20979124458523918,-0.8132619066654235
2.133325806711439,2.12047348888472,-0.7577867167771699,-0.09063177035075473,-0.4774586176042108,-0.27050331695100266,-0.24946847295556024,-0.7039782907221644,-0.4659775960296149,0.3805141705207402,-0.0031836380051847787,0.3320648060134912
-2.745800585524777,1.0096282133418373,0.4814797400812214,-0.03642642275116947,-0.1873899143855017,-0.02624015046354478,-0.4143896498862731,0.007211504782888007,-0.33877691115188724,0.49241945932969244,-0.37113458139545447,-0.22768638858442905
-1.6915149074602243,-0.4115488458356008,-1.3675986829024054,-0.3267659102404198,-1.4071403450994384,-0.23331722638806596,0.24013262338318428,0.5740942825903279,0.6852641323837976,-0.710186599749756,0.016601412144300536,0.9771583722483506
0.039475463682454935,0.5952472251536454,0.32256712799146764,0.10891696223450809,1.0790958507815704,0.6719236770481627,-0.376454450891542,0.1385608854111537,-0.8111113018180431,-1.3785136770924864,0.6411766803412077,-0.05624285662632174
-0.43485844246305405,2.217964465655033,-0.39708490817310327,-1.7959006835225682,-0.28269117365679,-0.1460078223890167,-0.16442817135542395,-0.31072847215162075,-0.9170624487212973,0.786929581032412,1.192728049741821,0.5251574794278022
-3.406343092154231,1.0036189360228007,1.2106522656811638,0.30824722204726895,2.0472493446674025,0.44638702992600443,0.28981023038190323,-0.13844241692602227,1.0935585668638887,0.7106709370659311,0.050726301185616815,-0.4850158223772652
-0.9448978846245548,0.09184330929193905,-0.3493110952236604,-1.0168193210643768,1.9683120171420956,-0.5704587788239951,0.863697960661322,0.969667363144346,0.5650981983273049,0.7562538206379558,-0.7237512309680442,0.9719505406654312
-1.9980224000960336,0.4482992450436971,-0.9427681374170981,1.2569201715690932,-0.68001158986687,-0.22939708583081642,0.47555896444526036,-0.6231513042534362,0.5588872940648822,-0.21891278997141844,0.4173154486390893,-0.27403356977229365
-0.9612149780755748,-1.3219320756783115,-0.3362144453183429,1.8611774336877491,0.49897768838823897,0.680182836315305,0.00569326410596455,0.03306484054155811,0.03968321284178058,0.09642485158290004,0.5602900619957224,0.16309438991382436
3.058767314585392,1.4233073237013074,0.054004920698834655,1.6082970987682639,-1.1798906851903264,-0.7989576353924344,-0.027895320249674647,1.2448790722437657,-0.2855563773780584,-0.43064371607752183,-0.19173119869649097,1.300120588587546
1.4548330021348956,-0.1348852913185633,0.33683081064039855,0.21548802425886565,0.1374457492457855,1.455718037486222,-1.1672160991419955,0.24392075389277534,-1.820653843855934,-0.6582346648578781,0.6925896543828117,-1.002686503999022
0.7561227346069482,3.2136442068352533,-0.4545858834791303,0.4307847517594399,0.20656159242475755,-0.9996083616620504,0.7785889734986431,-0.24781957994970905,0.07610293229938007,0.11190382170090016,0.22848674747724634,-0.8168144862924283
-0.17206585868402383,-0.43385391277428786,1.6764187595861133,0.8606380997886108,0.548907471866892,0.8355671314569694,1.677508238620524,-1.3785499224064088,-0.24759011023509664,-0.3551140606083713,-1.1804828828667613,0.6029405861345141
-1.267021082166721,0.32302489256512434,0.3337539419842619,-0.2850337491211222,-0.33434142786583154,-0.9659955038710965,-0.0723529898958839,1.4941430142436027,-0.789237683076622,1.658980702031842,-0.2889775534003714,0.77173049277445
-0.14904580575132478,-1.3435457315052788,2.0082458713686098,1.0535590358255498,1.4451436100493218,-0.681985632718762,-1.4174146980998037,1.2778019676516346,-0.9443329318201887,-0.4436469038868361,0.819832343704578,-0.5142150627627141
-2.4648782002995486,-0.12872766225646876,2.2840791803005827,-0.45014437418514536,-0.9853463719746917,-0.3834266733780641,1.2285539697973604,-0.5562455852943682,-0.465598912237175,0.22864198614563525,-0.5311101195693889,0.6773139346517812
1.6535402058497868,0.6936325012627295,-0.5205863550124965,0.08521819165733868,-0.0002623064722132736,-1.2169775638921903,-0.7339253736776349,0.022522733699543464,-1.9433772926066482,0.12529382574378975,0.027804219308019636,0.6714098338590758
0.6536574013531454,1.3277359385179957,-0.20360060007627828,-0.22894646180500247,1.2010769250940019,0.5516232953323787,0.35491645420713286,0.31042173603920453,-1.2832318631282706,-0.024351649728628265,1.1470117477658992,1.1628170050290665
-2.1216813331011584,1.1467403139527668,-0.4472990912108692,-0.6112932088698408,-0.3791885934793486,0.24512576463000396,-0.17392285640466107,-0.1727664791472166,-0.670217084523986,-0.12253839170711173,-0.7468898655885239,-0.2709879185060365
2.703228410530821,-1.7352569481154783,2.096221890843888,-1.399076439469395,-0.12937996795253606,0.12646885024552346,0.5634680047348376,-0.7596072141882975,0.7418132133076523,-0.8362916021234772,-0.2264535565783285,-1.669613310001709
-2.7253688041850612,1.2148932705764488,-0.14504693686055467,-0.5370461105312133,0.27280167183606585,-0.1945561723008583,-0.2117684936306423,-0.6789602776687398,-0.05569720522824254,0.0712732622090842,-0.7264077755382523,-0.012554776308929998
-2.2030163513177645,-0.4759041812836653,0.3260981608392627,-0.28591026240427997,1.8269344162588164,0.39279641296876217,-0.3931962814901298,-0.03592344334022308,-0.7344864214033612,0.2716083702950025,-0.42749265280379456,-0.5453573759153542
-1.706494855465828,-1.0519309169597049,-1.8078299058495997,-1.019865249998113,-0.9030280654392648,0.19091691063811037,-0.6609795168442752,-1.1448587615636465,-0.7143641158467209,0.04142431209364844,0.3136036195497237,0.4070935027130941
-0.5871947011235851,-0.8411021259182492,3.1871511352631416,0.8238371328099939,0.026603995663684543,-1.8167928591361555,-0.09338648999845915,-1.4036621950602732,-1.3284673410950247,-0.23595826600956069,0.3090387778529034,0.025328954439271235
-0.6706031384743061,0.2518426684630063,-2.231516140396953,0.713128274438608,0.47372580266760067,1.3566813312173494,1.2427532499842637,-0.7497942438430317,-0.2056307810852078,-1.003315525592159,0.2133370410126396,-1.1902089878569841
0.8323296983691292,-3.310791173240765,-2.180317581537983,-0.2910221244506514,2.6690869610360357,-1.0441716381318167,-1.856107496567454,-2.6872587207242824,-2.820680063668933,-1.591870919911861,0.47883720876731733,0.5482721315747489
2.0046764586026113,-0.1298923143634555,0.1258510947045095,-0.4786427052694518,1.645749531469976,-0.9991940344863445,-0.00341747251250058,0.862108850964714,0.2781164835003592,0.021690847312376006,0.1508971050418229,-0.3064614542637408
3.0141635326990808,0.4572030949295579,-1.3188274058131721,0.976386998996028,-0.06716554973637766,1.6411784749868685,0.7775083337356108,0.5197107475342618,-1.1036176706827874,0.41936086316287546,-1.0084386854110516,-0.06901343124032903
2.6392243184043105,-1.5902773705927102,-0.7865496393733996,-0.7770887963206435,-0.32867521004939443,2.089954712923657,-1.2620798133981064,-0.4698773758466861,-0.14353001991765418,0.09233182340944723,-1.5101776027090086,-0.6300625724490277
0.3064540143150506,0.9751260200218229,-0.21961602331871782,-0.9396942942119761,1.050774296293852,-2.3557014747692837,-0.4640432459299602,-0.11777751628895645,0.07598028934409538,0.28398083928016027,-0.2910337876136697,0.8082163453781142
0.11350959999569696,-0.4240301937354089,0.1771467854199712,-2.3598322183802387,1.1549074891849427,0.5606851692029268,-1.1273703775748871,-0.4039148581901413,0.5759910169505859,-0.8097263038792907,0.4475116347759303,0.21013993906894224
1.304290274295628,-0.6034310490976427,0.5152682037014626,-0.8298513463105512,1.1263486219826064,0.41812854126446525,-1.2578405431643525,-0.5908479562090634,0.8845101675855507,-0.8789266929482624,0.10149306860890445,0.3601642545823654
0.09274179507146216,0.10384714571833473,0.18419205007013573,-1.3511154590009626,-0.8057870379404962,-0.13009958625613538,-1.7699402264272412,-0.11022130469771432,-0.8454543113588309,-0.6571697429053002,0.19125653063715803,0.7965033109686259
-1.7275060824221538,1.4221056276793345,2.112665863646178,-0.9515010757448494,-1.0707874266028936,-0.06885327133057054,1.1566618959921746,-1.140587367115253,-1.2837019211518734,-0.6430229494026287,0.9898935522039735,-0.059478375335946174
1.197168991423151,-1.584951678596285,-0.8038917257557366,-2.9579954547764755,0.26405877663631083,1.1628317038815332,-0.58085590938716,0.5472121131637335,-0.018190886060757416,1.4535785583563954,-0.46622104123266683,1.4269819790119331
-1.1644730915071175,0.2860519483311882,-1.1882877529467204,1.4743850144594632,-1.1928260834719968,0.35749156841343227,0.07991037092640063,-0.7992823154324836,0.11744251236770321,-0.19614461099145636,0.18738336935375685,0.6733327998986577
-0.07420100391663458,-0.2839989534968873,-2.1885765485416147,0.6752925340870412,-0.2468514030815574,1.7627285661650545,0.8957363904267012,-0.18528840277872116,-0.4887939168320662,-1.150185909433352,0.17414398731713118,0.022493997112115235
-1.443640856359637,-0.4246313466305477,1.6528134800064243,-1.8116480822253311,-1.012133727144232,0.0017916343468562484,0.8845046137955711,-1.7562854836643005,0.2640766681152109,0.5514177964303398,-0.7845526708082249,-0.26888546784291306
-0.18731555149879922,1.5595699301425014,-0.019298598913156426,-1.3264358228832056,-0.02502767338230695,-1.535455914629452,0.1219338297948203,1.1062812982208594,0.15106630409273467,-0.018330584064195764,0.43774628073589966,1.1833146874874634
-0.7201687004588112,-2.11893692255594,0.4865830119018899,-0.8528752052406107,0.28445189622474226,-0.21426857361752782,2.299283616327522,-0.5357617687422346,-0.7409478991138209,1.635927502924167,1.0106882138579165,-0.02099010223700196
-0.31995603589992305,1.5845703764468608,-0.44048165821376173,-1.3485146013524467,2.510922379696311,-0.9163322741721229,0.8480168790959062,0.134100855189905,0.02544938210010671,0.015679076947543204,0.5821643315910767,-0.760415443149205
-2.0170307320032843,0.9084589974024357,-0.698782818967407,1.6122625262979315,-1.6102816494051997,0.6779920546221093,0.5905045288766417,0.04073504142812536,-0.19324168182554477,0.09633706901883729,1.027867817303802,-0.7524456698908064
3.138118861941014,-0.09232087258236321,0.25134587299324807,0.4929917225297396,-0.8168825913821172,-1.3661785511286968,-1.187559851184444,1.0415980525183726,-0.7973729781118273,0.6468536673496081,-0.3358573527785338,0.0829640623612301
1.0825470169934632,0.965517065458567,-0.33115375200133623,-1.1804053149715485,0.8953035502632629,-0.4393037328851656,0.8362044198135723,2.1726588354440723,-0.3979614395083407,-0.3400071099888143,0.47220333207207205,-0.8676164133405851
0.3748562076387581,-1.0942853723192985,-1.2846060880883752,0.8082870593505952,-0.6208772148968715,-2.2342974068121824,0.8934285432883604,1.6175144943910864,0.6358155925655944,0.40816087969233633,-0.2937915246240637,-0.11115797064178762
0.13390067321238658,-2.628979096086957,-1.8736214791541614,0.543430162905897,1.3924847853835471,-0.358749696153918,-0.2210652950395102,-0.6970023945822069,-0.3817726259678147,-1.0763602409563713,-0.7027437167788116,0.28907020646193976
2.093385731238589,-0.23487228963896623,0.5406478196458541,-0.12971999363608622,-0.169782002932185,1.249022504994059,-0.8233843553476206,0.6036414671792587,1.0815858313695366,-0.6835189891955038,-0.2566062312654136,-0.13441386734759692
2.7880111235978546,0.7704221215016989,-0.6176277210981947,-0.3460535002538083,-0.660706858765201,-1.3536863257991434,-0.2173228280190424,1.0312860526709544,-0.8269068975746977,-0.02363877621200907,-0.3017497433846843,-1.4822396425070299
0.34987066003923795,0.5307001562380689,1.4096882867905907,-3.0168193115017705,-1.7117558908840194,0.46686872424730136,0.5911183998455728,-1.9764517634721368,0.37860785508762795,-0.46480411519706183,0.41298769556700526,-0.5530459081186994
2.5527011822445367,1.3354979429402298,-0.30945687322644744,0.18092418816408296,0.10338142606240888,0.8646565332740886,0.674614800340144,1.2270208846403687,0.12672226158466357,0.28966396278322953,0.0937956141564804,-0.42278171911879403
-1.1208284245932978,0.16120088205189792,-0.1448102515084814,-0.35988637128153694,0.37959278566691185,-0.5171241526137721,-1.1165245616574888,-1.2812804084051101,0.16499011348544695,0.6688202231046512,-1.4645575736878442,-0.7219538633531942
-0.5880752590347447,-1.414880583462801,2.0206955138952982,-2.208598408017309,-0.15961828113371015,1.4289284035857917,0.9982152257120296,-1.2300529020069093,0.8599707978589529,0.7480007074864045,-0.35344879015536873,-0.32129858436642844
-0.08132271631848834,0.7717392660865963,0.08272355089303131,-0.14650329032742124,1.7340329775435657,0.13449309710892976,-0.152483628197173,-0.40121119724206866,0.08727744212910198,-1.6678728366640816,0.23209823332951057,0.1094477250365768
2.3498172873699144,-1.6366760832345484,-1.783923703424894,-0.7087998323616378,1.8039050580292646,-0.8807571948503004,-0.4943311161482794,-1.6375855176791825,-0.07423464969784453,0.4440639617261557,1.0237404582852647,-0.16359663494719023
-1.7193079544019658,-0.7221366870496468,1.732950691731981,-0.04518987938485949,1.168986291917741,0.8889110002849457,-1.104941223860728,-0.05773047509248775,0.8467120979151526,1.835390731159377,0.08058122805202403,-1.138457822032478
2.07227530233917,-1.0057336608324245,2.265157099703634,3.5744056473062193,1.2696285267181189,-0.41935154962446525,-1.7984510802033966,0.371018287239015,-0.38222251452771255,-0.0885494971451625,-0.04901075167573015,-0.2638089811157883
-0.9504052047793276,-2.3933622305268454,-1.1166601955382287,-0.2886288512030192,0.8771323386250992,-0.6098116539653167,0.19865676157040088,1.0177982584505634,0.8097021235557335,-0.8556593701936631,-0.3196349894574497,-0.0012306075878272423
-1.745796030617798,-1.3869823569013224,0.18190945710897116,-0.3166279307576677,-1.796531622193136,0.17794781694391162,-0.9690629498731674,0.34786731224283424,1.1980239171813027,1.112665463883889,0.9200141972653652,0.5272198550568737
-0.5458659476698228,1.1856321333506465,2.2146098901134965,0.9546449341048625,0.08147345926285325,-0.9434253743914088,1.2053688551340402,-2.6357083440507343,-0.3000169118783624,-1.2946675908679142,0.3097802627948194,0.6778403415594855
2.0261642470090524,-0.5212176548770838,0.8232452692252274,-0.826814742893966,-1.3729788824588096,-0.5261700761056852,-1.2819075944582357,1.153417144623313,-0.5176464321085341,1.7547673306746783,0.6896992400261293,-1.0008785720158306
-0.7389318567335841,-1.7827698410012882,2.437397923937222,-0.45031449866692186,1.9643839128997174,-1.5472020234752455,-1.6292037421931502,1.3147177166800736,1.2518369606220776,-0.005313317257960101,0.511220180128201,-0.36685071880605924
2.2404183796070294,-0.9263623587191261,1.0219992483997966,-0.5976923420389563,-0.07086535549040177,1.413952133704919,-1.853509897578579,-0.15201387495910035,0.6292077451310204,-0.07378034416322352,0.4721111559586169,0.16551108124079883
-2.0922097936970037,0.9057655563461626,0.26165088946497206,-0.2685043897964441,-0.6066714883755209,-0.10617984331783442,-0.1666715213331977,0.686081228274284,0.2290999342073222,-0.04247693314330775,-0.7568411740419889,0.05046649879204735
3.6170558270750703,0.8573950092305386,-0.30537745814944106,-0.31380414412148583,-0.2451081353484145,-0.7477755916430946,-1.3177998336071073,-1.4964442796164357,0.7002844136431635,1.4518191666665192,-0.5537881209015343,-0.8425370635084697
1.970350450822006,-2.2523684486246016,-0.2574929159006841,-0.5406612191877893,-2.6801179586584127,0.286002581220106,0.9348214311092475,-1.8858768800803705,0.28397874123416283,0.039811891650534115,-0.7171050654867782,-1.3314391491071194
0.36539803457650094,-0.9990539153225935,-1.2852214746713375,1.4059006331849382,-0.9228578479008138,1.7449649867708867,0.4269695594395832,0.9504458387584972,-0.5512887229189217,-0.7090516495452309,0.3215236125711829,0.25464650941317246
1.820947042812284,-0.10404368711230101,-1.6219351955829517,-1.3347028328546875,0.2473727877425802,1.8595670687321888,0.2112952509312089,-0.23241117193259592,-1.2139810538493168,0.8751205503919873,-0.5666796797873703,0.5682355627324838
0.259453051088217,-2.4743416543502166,2.849687448843015,0.49369202418130137,-0.8568656953889007,0.9376890349324211,0.8606887422219414,0.9894010315722352,-1.4047900719044206,0.28137173273358385,-0.28058375262662366,-0.5224939724040274
-0.22203080861973065,-0.09078990468165711,-1.5999708658564575,0.7348166668582781,1.0807936222740455,-0.315274730398689,1.8251958372276103,0.5912008827941546,0.7462412232743715,0.4641647528169971,0.4568198270956182,-0.22825979227011775
-2.2547742495807435,-0.3118792241081658,-0.7147944924719726,0.7332917372706036,-0.7733851866376954,-0.24422027314460376,-0.3530446369559656,-0.43932299816182785,-0.11401945441842522,0.5136944901112425,0.4238577324748678,0.019381870210088845
-1.0389967366296742,-1.5944401589499293,1.044180391615475,0.36763135426712323,0.5603059898692407,0.3565889922152178,-0.7531083784233653,2.1162080290709637,-1.3543393835860995,0.44378660327550024,-0.4060425932780314,-1.3484005994044983
-1.7688882970035171,-0.4447705233310687,-1.7179751180924998,-0.4676212419107452,0.596390251148855,0.8694169175715658,0.8657627166445786,-0.09026896536477155,0.48560178722028513,-0.7729517152497077,0.3472235085319577,0.12214763404927065
-0.04690808644233121,-2.232084329186789,-1.4631722219470382,-0.43737462093359464,-0.054966483859452075,-2.993533059552224,0.2280129676648022,1.5945644323578112,0.3563735776967971,0.5978513798915042,-0.6479865666647702,0.17734007189305495
-0.6291377974681482,0.37658462150871247,3.1656494760469425,-1.0394425476423141,-1.752810641131262,-0.7551503662686995,0.9212564410135302,0.40458874673014084,1.1432645850048593,-0.5996803486400131,0.5268914300043778,0.538050540824211
-0.3084869935931175,-1.2477160004479162,-0.9351237253443403,-0.4855316624398809,-0.7759846207772622,-1.4899830087000678,-1.0025465938054503,0.45259591827135237,-0.8448095224467536,-1.219742244301823,1.0024484348089475,-0.32225742527689316
-1.4224348268234859,2.2334795739420517,-0.05770832154894738,-1.1191642221501685,-0.05810256576557889,-0.45784299026291353,-0.19599841083926445,-0.27362611179842045,0.28891177080861735,-1.2589777613779665,0.3201048131729683,-0.08893055670202611
1.896726182414091,0.1820123187229367,-0.09680096325863467,-1.7472583264402886,1.6304982489123832,-0.14438109347426253,-0.2233023693035181,-0.5545876152498551,0.7068016656640561,0.8006435656611912,0.7100715301164726,-1.3296390774271092
3.0828050186879357,0.6688274801691234,-0.2557348504534349,-0.38913783566821586,0.7775662229149767,0.607615042383514,-0.3529717147727989,-0.27537340350543266,0.29534998588562705,0.6462606356175564,0.1814287908381162,0.15278304581354246
1.584858051545916,1.4078282997431888,0.019632524488973305,0.23105554921912663,1.0467866286282965,-0.31733000924650057,0.9310893817321082,1.518317132702415,0.13841681733293723,-0.3326486286908988,0.43887339176270634,-0.4198890127149032
-1.9783302045334574,-0.031892114474737256,0.28983208678246075,-0.22298592148675309,-0.41958191334726663,-0.2628760946759669,-0.8290076488917114,0.5029919817308639,-1.0142444791968357,0.2639350665779596,-0.6843301347119458,-0.16425119432816757
0.5234018848309023,-0.6139304249073287,-1.529831171038608,1.0149074612475082,-0.7039463376551239,-1.5351086179469369,0.6729390194265463,0.6846429958954281,0.5010519497297589,0.5969636576548878,-0.32051229842604717,0.9861517519718227
-2.9279308502696897,0.6108693943176436,-0.9423460301542184,0.28536302337953323,-0.4026146984052491,-0.47843255381270483,0.49356327523397825,-0.5316669358071273,0.8937767112143048,0.11190856404469329,0.46035131013843233,-0.5973242114061296
-0.12864376398043678,2.3210718420606655,1.232052122020502,2.011708895023771,0.9837030046768488,-1.130075408465132,-0.8729863894259365,-1.4994719389305058,-0.49949303719274235,1.9885908882437273,0.8308699064986338,0.6704767253190019
-0.8779792956104404,0.8305708212383931,0.4749587888033563,1.4526519240997209,1.3294753190001842,0.9325810950119975,0.22389608448916962,-0.2993609159468279,0.7586572105070039,-0.002238386437837471,-0.8466958022275933,-0.128700360409593
2.1497966316204056,-1.806655156930261,1.315710710556072,-0.4813441212978126,-1.5203539610830672,-2.4234528560475437,1.3708813002399116,-0.1380553712511352,1.5131869510662206,0.3631392729982308,0.9663837099137652,0.7066667654541037
-1.4596718761540282,0.9050229950579394,-0.5687052645484282,-1.36628528826294,-0.7312714309383863,0.44605563803919673,-0.27850053068374536,-0.24135648981435087,0.3587800475941763,-0.1955494076806627,-0.9526453885432685,0.1497510976590728
-0.3417371510224314,0.7661190409347893,1.6962138295708564,1.512390773618393,0.6657995113445152,1.2214458642791302,-0.9930189134235252,0.22381121231352819,-0.7930417625344774,-0.1306123139394976,1.2995985849614664,0.6421503905534358
-3.13425360393231,0.45263028571591357,-0.722367639521764,0.381253959581693,-0.9013330868110092,0.2293868958837726,0.1063278939334309,-0.47346028611858093,-0.009089425119961086,0.4360854740741167,0.9857123382569791,0.17678652909169337
-0.24733344714160396,-0.20548064114147854,-1.6442407735336515,0.6249904203892628,1.0929849856520228,-0.34561788018187584,1.8014248787481792,0.6238280920150171,0.6292358595983862,0.41225336704978105,0.4721033165290994,-0.2131541749871165
1.189011878773866,-1.4251583226222087,-1.851001112860903,0.1952742772091516,-1.6677167090791178,0.2812795612550055,-0.7964112939256559,-0.9852817581630071,0.27677381663133166,-0.09863613770979868,-0.6281661149959471,-0.4695947082272852
-1.3363860481533993,-0.7518899073182589,-0.06498806793348491,-0.9260323305387642,1.3058359271003557,0.23149226756560243,-0.08554155522740425,0.7943182409517766,0.4994531394724584,-0.7448206560707283,-1.0966180855715901,0.9435177753308684
-1.8218903883866393,0.06768926299906773,-1.6106593275850665,-0.3020559019021706,1.563299112849335,-0.040521892904384245,1.4057188482940095,-0.21661513003229466,0.06005582296945796,1.2185399494193299,1.013078808418162,0.12926391180670999
-2.0746478154967853,-0.8704866173947263,-1.3232565511672782,-0.2597241089946778,0.6088019296125143,0.962060347701474,0.40376422334744805,-0.15969588856974842,-0.11221809606218013,-0.35062674520624876,0.6861111299283801,0.4679834826268358
-3.2907930580439486,1.202932821627923,-1.2403136884785038,0.03451003424867905,-0.6047313642881433,0.2956219213349659,0.5824449696260676,-1.0772596721387206,0.5756776601256781,0.08517033703179411,0.7900631928252592,0.2098657690624205
2.879511592545001,1.3875627020505554,-0.9710206319948005,-0.7809080383764759,-0.7066581551823201,-0.35432872648946157,-0.47630206550466636,-0.4960227810678266,-0.7448075001196962,0.5348150262971049,-0.06462194753515654,-1.2669592457531953
0.7307201563020118,-0.29021934337255534,-2.0476757376151373,-0.2659968586752101,-0.9984409357408408,0.06311845559510465,0.023717185776413022,-1.425801445222592,0.49035158821465175,1.4214435878161913,0.20650044185699165,1.5905179859611267
-3.485473049504077,0.6620455311998195,-0.2865951392798865,0.8890890473674431,-0.06820820128508072,-0.47226709232358327,0.09945606383620137,-1.0652356990144898,0.9692005870612003,0.8156171733437931,0.7668752036339167,-0.17372184487269124
-1.6610001622120687,1.5650782129289942,-0.6875246390289096,-0.7214317783408137,-0.7409801123422363,0.31489142539811704,0.29498168941513925,0.2829898267434133,0.0684038667189787,-0.5632859297780117,-1.043404928753587,-0.3180242190394458
-1.2834672084020569,-2.1703992791158577,-0.6104273767360076,-0.44945781073353547,-1.0799635256472744,-0.9435134606807193,-0.8956086244994627,0.5078616323023857,0.6350618196758466,0.11913674800490312,-0.005194370017502465,0.5798445024148525
1.0123307270796633,1.2055886400422178,-1.2555540979707112,-0.5799071023456462,0.03804818819356547,1.6782980196724935,1.3904633865163936,1.032574777990275,-0.6976067704621761,0.5294703352648227,-0.27908878014796124,-0.5612947505617978
0.4727921953235417,0.3837149184503672,-1.036099204325447,-1.683292226597795,-0.038870983056255935,1.4384355192630693,0.8204672797171265,1.5352160753325814,-0.4675295766960694,0.740263162879498,-0.3421332074635227,0.8191436595727459
-1.4169092501086882,-0.6890504250220074,-0.44256240093409377,1.3078829233195746,0.30791397237643237,0.7050700421871293,0.7620031120591442,0.5781638823934312,0.959685193500868,-0.45410620937475094,0.6992306902293554,0.23735259314716006
2.1827771879947417,-1.7113369604681137,-1.6065391366167516,1.8610753931719728,0.5646107500197439,-2.0469495792425207,0.43826675903776796,0.6533871655742609,0.47562133780315663,0.7814931820774329,-1.2533715746512972,-0.8510910564859622
-0.12180158037559603,0.6707567879527989,0.418531043859549,-1.1687559992248204,-0.8101019249566858,2.8561288817352364,-0.17896599548065797,0.46393347020987,1.3139347902937906,1.0362887517115171,-0.015476615147657321,-1.3635737799611083
0.2720484164502874,-1.8419859488858705,-1.4772739923060765,-0.6489660469989118,-0.5442280316479308,1.0526900723552328,0.2627699563474759,1.4594557547921416,-1.542350903614614,1.4674714109239153,1.165839584153678,0.4774766453412657
-1.5870284967761428,-1.0964059439956124,-0.15559713272365439,0.10117079405358961,-1.2685808781997054,-0.8671207931335915,-0.23847867301537554,0.9410770993918561,1.634663259057909,0.33961625804776724,0.1977118350974972,-0.44558540418175624
2.5355953926150807,0.26316031019938935,-1.1445195313187657,-0.05920474101445591,0.6693707469997733,1.2621292926292484,0.16595670723942837,-0.5486126285148981,-0.06294122018504601,1.4426087071091236,-1.2216558942797786,-0.4618695093138964
3.195460849353151,0.28478894818027306,0.6199924838891788,0.4834112903974242,0.5123576816892277,-0.19670468463297358,2.457228958072532,-0.5417109831730827,-1.8210888421803602,-0.9905000257830715,-0.06994699280413835,-0.44214993445215034
-0.31355787630509924,1.1061785684234513,-0.061120870063535546,-0.8943500404468571,1.3007759081257413,0.36733892138402807,-0.04547904842474105,0.201680834588563,0.14747102016837346,-1.402261927085189,0.20506661432108825,-0.4991613642022521
-1.9151932548865376,-0.7349989505427423,-0.6407725910116228,1.359102658204471,-0.4777949124804142,-0.6729750711522198,-0.2105653100164526,-0.44763388655129666,-0.37645953276103017,0.08840560080880594,0.46630810033460157,-0.4577678707704344
-2.5512642031513932,0.5025532037539162,0.03213100982757633,-0.27735988665021905,0.3593833605373397,-0.4210133107825434,-0.671452213092986,-0.5605958391862926,-1.0152443962256805,0.42688786170717796,-0.6606656390442561,-0.7866209333711406
-2.6197546807227643,1.2858909659162914,0.07067726808510333,-0.14018447188968428,-0.23394587197294442,0.2453093116187054,-0.29189068561746573,-0.2567336959486869,-0.8476018390648837,0.43461777722308104,-0.36741379931811347,-0.7873265534433036
-2.7752989961424404,-0.5994273171488066,-0.9397355496177551,0.30449113345296364,0.0514601700209572,-0.9371063516881178,-0.2844341732783029,-0.8389274951868763,-0.40597444641526675,0.42518449147780424,0.39835584310530314,-0.9940850246271626
-1.94955069711539,-0.4365299706174984,-1.543549356332458,-0.30541822756721637,-0.4360886844508908,-0.9351817353768076,0.24339861284717865,-0.2266952358588034,0.6841187196903566,-0.5676745713439243,-0.23152621040278196,-0.14667901889859417
0.1895154100433421,-0.3801656581448533,1.1205924377423624,1.1933032724025372,-1.3903347542691091,0.9551678553837588,-1.9161955018823935,-0.4946590638562288,-0.47061818546021783,1.5974391882117431,-0.5670928251000275,-0.1671447200601027
-0.7745944800446616,-0.6564396903697777,-0.03321185366589849,-0.2576405557561775,-3.1273241671710323,0.38430299777138227,2.3411346755886737,0.5054865076339554,-1.0126435319927822,-0.7117252796430874,0.19169064206433103,-0.9161128859486407
1.2125215708162747,0.528088273641063,-1.3891889324201248,0.29958732370876034,-2.1057043716747295,0.926254179094322,-0.020642609432722,1.2095606950799582,-1.750210923421743,-1.2624168366078936,-1.6301492015388745,-0.9601665170655593
-0.5587348285207141,1.4181717248279084,-0.31764470726778515,-1.9054004952796373,-0.7743511716114435,0.28643324534408293,-0.8731198444140296,-0.4370901069536482,-0.19098815320845455,-1.1023492155811485,0.39573674256640834,0.6349858941712578
1.0713928257102612,0.9901931213180282,-1.4568497679955688,-0.3947568178111022,0.9862199908654768,1.1392911600690425,1.034528968767634,-0.14776698440365935,-0.7421387978385984,0.7725389360708842,-0.7026314451743514,-0.7832670863360144
-0.11929996158265813,1.1767087095407256,0.49182728314337315,-1.6028554122407135,-0.6517163682440702,-0.10350051618054895,-1.2071064698207374,-0.568593123688308,1.3904911073264423,-0.35503941324376453,0.21473770797153696,0.1560971111268344
-1.0953230389948985,-1.0495131669723614,1.9795969812732304,-0.5549861063046664,-0.5800962818624735,1.1966190558986145,1.6704088850632621,0.7428236756708106,-1.2759434494625381,-0.24016234914709872,-0.33731855554147594,0.11062945863593023
1.218017200868993,2.2582250917538285,-0.8515701495454542,0.06900942574261161,-0.7481664365050458,-0.231472277240651,0.4536238674238632,0.3875790716569273,-0.8290224147857295,-0.04675011181812929,-0.045162047895601194,0.6669412249132225
1.943742602395424,0.8765978005787107,0.16799298914773608,0.30366324753265067,-1.2956321345491373,-0.3050855619928225,-0.9129322021816444,0.5621828690654976,0.21294422889814607,-1.167323624221839,-0.4965985769319792,-1.0342311431335625
2.132134184296892,0.9734292066668693,-0.8747416838099145,-1.0219743855400814,-0.9179518496490385,-0.6762070273951313,-0.15691459320129622,0.8369686234647701,-1.321131255000473,-0.24955284192306698,0.21528900833869608,-0.3277214069105912
-1.6348718806151588,-1.1719108948761565,-1.3185383340610715,0.025185472462516463,0.8753288422426846,0.5179683096986598,0.2511036696134232,-0.22965757457929442,-0.06827349881035967,-0.2527579101435696,0.3193008758451137,-0.16239378274568186
-1.3059523668542845,0.9567674876541805,-0.7162229897410621,0.304111160968996,0.7268880198583241,-0.47440431528084986,-0.30081743713435166,-1.7043479580928416,0.03389430160567066,-0.5166732038227175,-1.5203993100595703,0.3658332529269508
-2.2604059493370263,0.5422707545003821,-0.8881918642228642,1.1866507093710148,-0.5825877894193416,-0.2314568525750274,0.5181123799771514,-0.7230027652824801,0.6706732455046178,-0.20561324553918542,0.5175373406877298,-0.11434044588848008
-0.5649922010735773,-0.632536478916324,-1.7579567674760161,-1.3716342916918558,-2.2988676866932134,1.0850407889795282,-0.36155970801848286,-0.25184145626139776,0.5646939036074398,-0.04898529571973004,0.2681763464570569,0.5251282567560827
0.48482287712480227,-1.4511108302396656,-0.9499185949100716,1.4147918156132835,-1.893901314134264,0.8115120403347663,0.04383164531202538,1.7209731606515914,-0.3902230499259152,-0.7568843510731068,0.07812754816017961,0.5085617608112935
-0.7853395118910358,-1.669094170006198,0.8456056733461683,-0.0782800948560513,0.19498773322902097,0.5511134993894337,-0.669288314372331,2.385463283518721,-0.768401024701424,-0.08045181582813354,-0.5956258436948829,0.15077470891400965
-0.9155434912301932,0.6096419557148965,0.5902482167147056,-0.5460354907099387,-0.4526713326009728,-0.5415100654847904,-1.3162253014030427,0.41846427696954125,-1.4132723346998006,-0.5801979865576333,0.5632740741681688,-0.26237553033879935
-1.3222542475875032,0.12579860111245222,-1.2118458232390428,0.7143458144725939,-0.9509802278558156,0.18341993383643068,0.12302968698260575,-1.062372426011573,0.37055157106623515,0.09360435230210257,0.41403782569568537,-0.8932226167859129
-0.7693249410994142,-3.2443002063273108,0.8466186783345984,-1.1481853875560346,-0.3089977204544795,0.5944732956379243,1.0628334235818673,-1.1580648904090045,-0.3991717438865534,0.5780120826810943,0.6334935634037814,-0.7895484711085311
-2.1805026770162983,-1.5948876050711909,0.3262216046511166,1.1871379155050978,-0.9523901451560471,-0.8636089070665837,-0.9793909671847459,0.6645288847450683,-0.10229683898760546,0.8978684087478287,0.5469882873822492,0.3368645904182359
-2.4218654933052712,1.1208607946050013,0.017388889257436233,-0.39662701154774366,-0.11736516873870978,-0.1615159508821506,-0.15663848893876228,-0.062473825303095594,0.06259728811694028,0.02374550640173478,-0.7497528234998013,-0.13705165961954477
2.370693487726675,0.7437179624977613,-0.26520592775137425,1.0166448910265642,-0.08008638370505934,1.2185725655472497,0.6544520965262702,1.1506610391659369,0.8571389620184218,1.1682000689613692,-1.1470230634938428,0.6564393563809932
1.292316988372339,1.457190336842515,-0.9382240571163836,0.23649777685622142,0.8032118734657514,-1.8055539970239594,0.13436457865217724,-0.4897143441337738,-0.768540577400248,0.16127484326579536,-0.7460558745881773,-1.0124925896762007
1.0972674969109153,0.23774855402082215,1.8523538220455371,0.12027012878426681,-1.7503874447986238,0.07448713288184869,0.6763246134832271,-1.2305295214658754,-0.5981440556282551,-0.6461832881725692,-0.3964133952132203,0.07909817537612299
-1.4434596830343178,1.2989358949013365,0.8226538064671248,-0.6977379027737551,0.6105494961137394,-1.8804606377857516,-0.4463508202463467,0.30314618474421723,1.4487048274338756,-1.0683870289668373,-0.0709349891985695,-0.39481156877958945
-2.138712376851217,1.4171273540989089,0.2465135587335886,-0.07730265092296977,-0.6027652015269735,-0.06938521175141699,0.14904713088772664,0.7049195058393917,0.39813094011986416,0.030793128574229885,-0.7256137929419465,-0.8114175104655817
1.7980657557484157,0.6642362301818198,0.14702721739741653,-1.0278184387685374,0.6198579778402094,0.033291067190437486,0.04643354371057822,1.4262421601081945,0.614165141990858,0.38301307328331735,0.33710140188966464,0.5537085344277238
1.0996255685855567,-0.5729154171897809,0.5954042140059908,-0.04895818410102694,0.4865662417507785,-0.08042601834199138,-0.6574206818172548,1.7865498659551757,0.7458656925121712,-1.1698804247656385,-0.8100091537607055,0.3859406958664152
2.3687048429961624,1.027680643451562,-0.573838077353456,-0.7053308636110819,0.18260517434525012,-1.2844287355190473,-0.6030013816321586,-0.8190871778941867,-0.07797676315333356,0.7083360732851169,-0.21035289064431023,-1.4148538251135572
0.15077925523724872,0.2266689622107811,-1.590706125857494,1.191799100570032,-2.711967193971949,1.0606317198788342,0.411980046377708,0.7509934226375219,0.16109101230581171,-0.9680381797136332,-0.07430358542118401,1.1928854581671546
-1.3977699673025945,-0.29638175516674026,1.363410543124363,-0.2682333242831536,-1.3788464879469442,0.7557419482655643,-1.660486416787638,0.31003270972189295,-0.01972420700300726,1.6920628207055022,-0.060793076897078704,-0.09672284632643577
0.11603253169145591,-1.0413907052095575,2.284234424464682,1.3534260638586835,0.7468844813374388,-0.22047679528534475,-1.298769103961119,1.8876850397813496,-0.5871838542304716,-0.4147480442397396,0.9343396699414972,-0.055877402320375844
-0.1630888863650998,-2.368510558404296,-0.7642607802639318,0.4698386591441456,0.015528540901052983,0.6299031104502087,-0.1530962740682598,0.5985410800359993,0.21967848056018194,-0.3751749234464364,0.3797629543011021,0.07656555643694572
-1.8071897492680158,0.24279000507075194,-0.8203743830554614,1.3962899152604829,-0.5793718773014117,-0.6828598590976394,0.5646187004929213,-0.22281256427112195,0.7053866901937372,-0.22424048975434424,0.25381592524824226,-1.1850006044616554
-1.2697143028735833,-1.1333106020712023,1.1915711056358502,-0.3218642834002182,0.6130261190203852,0.6582360036206572,-0.6755004041202504,1.3910049101388873,0.3759163077891589,0.5970032718858096,-0.3156356612121483,-0.3242296243208436
-0.45688452063953944,-0.03149082746654248,-1.475338727181319,1.0265091666698312,-1.7217552530858298,0.020210011696075638,0.5488774924972954,0.5225591747337047,0.43403041929971764,-0.9310765461839886,-0.16473027062502124,-0.07371099900417166
2.159393759214064,1.1599723831854396,-1.0726534770125729,-0.42998126837948897,0.38333092282443,-0.885663104158543,-0.8680357189515714,-1.6132284314799055,-1.027755923396693,0.3618527533181449,-0.3563346475695546,0.76642199315702
-2.360322887140181,0.5146925755227297,0.15091480561693527,-0.44088771034297486,0.16071555972655133,-0.6186247253353724,-0.43699599982008935,-0.0449322992808679,0.12203800405991218,0.019163902307412158,-0.9247260493152338,0.11566109461702424
1.836437720055509,0.7142188367764486,-1.2242215442871431,0.4732370663949143,-0.4626705638000699,-0.31959518914676066,0.5968451475856862,0.11920216343492435,0.7045875773397622,0.2174901613893527,1.449898905278692,0.14469641566376315
-3.1252749896973113,1.6040478231310045,0.7080183547049995,0.20765719601111,-0.009282099515195465,-0.08952567146206397,-0.10591298903292556,-0.0989740790376171,0.24159972577601227,0.6597440125711428,-0.2586632928203564,-0.6733682427895642
-0.17919459736516655,0.45797784961266547,0.7289814965134618,-1.3666261526440608,-0.8314173040035512,-0.8613168797647939,-1.003725268993281,1.0536273657317161,1.0219646032546625,-1.0254821164914472,0.07147163858794209,0.3341639179282644
3.212287333923711,0.18224228942683388,-0.33438487560892305,0.5923587574334277,0.002336731190242422,1.3594992952502005,-1.8401456982143154,-2.8392456344031767,0.3916303361039039,-0.10786186790232424,-0.8258034293263214,0.05710376692185329
2.8707224542986904,-1.766947844500068,1.1019289486423545,0.2978745038546503,-0.22374657703109072,-0.8427089568090468,2.011066686812772,-0.3835943370754605,1.7866245291052025,0.7254274406183405,0.6559215112314751,0.043561369254095275
-1.1404094874024928,0.24888537210872821,1.2418669653581695,-0.444120655755442,0.9215729584443045,0.4541311026538755,-0.7159350420052755,1.073900833148099,-0.4632075377074727,-0.6327519138659231,1.1186378833330548,0.220247217902354
-1.175964992198189,0.5323339566364585,0.3598122675169053,1.627400541955618,-0.4667368269626338,0.36892495368251904,-0.5238842468886505,-0.4700485164498369,-1.2090523286991899,-0.22459077873160677,-0.3959913424506077,0.5927638923226798
0.7646704396107026,-0.320113575134555,1.1468902284286657,0.5744617943809981,0.44723320604821826,0.2330767566890814,-0.673875975664313,1.6165566805494749,-0.032565025820531515,-1.3849214555807603,0.39234126985650797,0.6163308739232553
-1.8598232890320245,-1.621069534990732,-0.9576690939072439,0.4622366504231453,-0.08831701874772277,-1.0798908991029927,-0.9979921851597554,-0.8138645217806996,-0.7213455752861956,0.4193773648401763,-0.07026916478503623,0.033499474249887785
1.5549480365493673,3.0509294134661133,-0.27053941076624444,1.8622448396350966,-0.18649124539032977,-0.4587828605987124,0.6980151670681682,-0.5276921529962817,0.3099164765706102,0.19575544617163568,-0.19040366125945074,0.4909620238412425
2.7693373077970405,0.6653455771508275,0.481251077424864,-0.6784847762433348,0.2941866596683418,0.5255133782499406,-0.5393295016945308,0.7235261843828671,1.546226329756803,1.1413459985322443,0.10055242709128415,1.0048981415466662
0.0645527305962899,0.26976783237138646,-1.9837242797102408,0.42400538956930744,-1.5011706302185441,-0.44492845195049496,1.2731927642421226,1.0390222763143488,-0.1886463973099403,0.27380301403784185,0.35253737305292865,0.8450808715627772
-3.147828620142526,1.6399612491154687,0.9159164939320623,0.22547290537009246,-0.40422410547035287,0.19556048707493368,-0.11536053031536464,0.24932583512858453,0.4421764829005591,0.633614792154998,-0.10378603446230941,0.0728597168707728
2.652479933150567,-0.7610835029470397,2.0876999710377455,-0.47221767294834804,-1.3650183042670685,0.8902184384328459,1.5941044739715837,0.9445978345880044,0.6727296544649449,-1.1173870584666756,-0.35306224226123184,-1.8985964087806178
1.1035734277208773,0.4174297965130759,-1.501565201273376,0.2412245187941287,-0.7761966200358975,-1.7180957334060565,0.6880193650358212,0.8583764482910347,-0.2792340367013548,-0.46730494063570843,1.2647656402066376,-0.2255989495598772
-0.6884171477533922,1.4814312046900548,0.7196236623412517,1.074901058688376,-0.17681839448013478,0.008256053313688814,-1.2465055009414643,-0.8551719511040281,-2.0302116402807338,-0.13851843335374295,0.8894570924442784,-1.0520055967919355
2.604311444439056,-0.19730836605102936,2.2028377506114505,-0.16366865899077132,-2.1952901777412053,-0.08836626099177045,0.17226100151975482,-1.0423343220896715,0.8687076924497815,-0.748216992221971,-0.6399477185726294,0.7652772899358982
1.886790571992919,2.371910478724081,-0.03365416325982705,-0.07679293430936857,-1.5120489649365607,-0.13630657124030413,0.39404991667674644,1.2943934036248177,0.30187902548761947,0.16063251142191912,0.5029438803856422,-0.026415171739684447
-1.3412279248979069,-1.4621116742573932,-0.19050381429005922,0.8983464926207813,0.20114680318453357,1.1202538640515487,-0.0741021181173473,-0.022088446275078524,0.36052719455740534,0.30244357851383585,1.119530097602201,0.29240722437786404
